<?xml version="1.0" encoding="utf-8"?>
<alto xmlns="http://www.loc.gov/standards/alto/ns-v4#" xmlns:xsi="http://www.w3.org/2001/XMLSchema-instance" xsi:schemaLocation="http://www.loc.gov/standards/alto/ns-v4# https://gitlab.inria.fr/scripta/escriptorium/-/raw/develop/app/escriptorium/static/alto-4-1-baselines.xsd">
<Description>
<MeasurementUnit>pixel</MeasurementUnit><sourceImageInformation><fileName>lesouvriersdesde05sociuoft_0366.tif</fileName></sourceImageInformation>
<OCRProcessing ID="IdOcr">
<ocrProcessingStep>
<processingDateTime>2020-08-28T16:17:13.225+02:00</processingDateTime>
<processingSoftware>
<softwareCreator>READ COOP</softwareCreator>
<softwareName>Transkribus</softwareName>
</processingSoftware>
</ocrProcessingStep>
</OCRProcessing>
</Description>
<Layout>
<Page HEIGHT="3508" ID="Page1" PHYSICAL_IMG_NR="1" WIDTH="2170">
<TopMargin HEIGHT="253" HPOS="0" VPOS="0" WIDTH="2170"/>
<LeftMargin HEIGHT="2942" HPOS="0" VPOS="253" WIDTH="297"/>
<RightMargin HEIGHT="2942" HPOS="1981" VPOS="253" WIDTH="189"/>
<BottomMargin HEIGHT="313" HPOS="0" VPOS="3195" WIDTH="2170"/>
<PrintSpace HEIGHT="2942" HPOS="297" VPOS="253" WIDTH="1684">
<TextBlock HEIGHT="39" HPOS="334" ID="r_1_1" VPOS="273" WIDTH="78">
<Shape>
<Polygon POINTS="334 273 412 273 412 312 334 312"/>
</Shape>
<TextLine BASELINE="335 311 411 311" HEIGHT="37" HPOS="335" ID="tl_1" VPOS="274" WIDTH="76">
<String CONTENT="274" HEIGHT="37" HPOS="335" ID="string_tl_1" VPOS="274" WIDTH="76"/>
</TextLine>
</TextBlock>
<TextBlock HEIGHT="51" HPOS="531" ID="r_2_1" VPOS="264" WIDTH="1229">
<Shape>
<Polygon POINTS="531 264 1760 264 1760 315 531 315"/>
</Shape>
<TextLine BASELINE="532 314 1759 314" HEIGHT="49" HPOS="532" ID="tl_2" VPOS="265" WIDTH="1227">
<String CONTENT='.N" 43. — BRIGADIËR DE LA GARDÉ RÉPUBLICAINE.' HEIGHT="49" HPOS="532" ID="string_tl_2" VPOS="265" WIDTH="1227"/>
</TextLine>
</TextBlock>
<TextBlock HEIGHT="232" HPOS="333" ID="r_3_1" VPOS="368" WIDTH="1626">
<Shape>
<Polygon POINTS="333 368 1959 368 1959 600 333 600"/>
</Shape>
<TextLine BASELINE="336 427 1957 427" HEIGHT="58" HPOS="336" ID="tl_3" VPOS="369" WIDTH="1621">
<String CONTENT="Total : 6.'î fr. 44. — II. Appartenant à l’homme. — 1 épée, 7 fr. KO. —" HEIGHT="58" HPOS="336" ID="string_tl_3" VPOS="369" WIDTH="1621"/>
</TextLine>
<TextLine BASELINE="335 485 1958 485" HEIGHT="57" HPOS="335" ID="tl_4" VPOS="428" WIDTH="1623">
<String CONTENT="1 revolver à fi coups, avec un étui et 200 cartouches, 2K fr. — 1 petit" HEIGHT="57" HPOS="335" ID="string_tl_4" VPOS="428" WIDTH="1623"/>
</TextLine>
<TextLine BASELINE="334 545 1958 545" HEIGHT="57" HPOS="334" ID="tl_5" VPOS="488" WIDTH="1624">
<String CONTENT="revolver à fi coups, avec 12 cartouches. 12 fr. — 1 pistolet de salon, sys¬" HEIGHT="57" HPOS="334" ID="string_tl_5" VPOS="488" WIDTH="1624"/>
</TextLine>
<TextLine BASELINE="334 599 1958 599" HEIGHT="53" HPOS="334" ID="tl_6" VPOS="546" WIDTH="1624">
<String CONTENT="tème Flaubert, 10 fr. — 1 boite, avec 80 cartouches Flaubert, 1 fr. 80. —" HEIGHT="53" HPOS="334" ID="string_tl_6" VPOS="546" WIDTH="1624"/>
</TextLine>
</TextBlock>
<TextBlock HEIGHT="57" HPOS="331" ID="r_3_2" VPOS="605" WIDTH="1625">
<Shape>
<Polygon POINTS="331 605 1956 605 1956 662 331 662"/>
</Shape>
<TextLine BASELINE="332 661 1955 661" HEIGHT="55" HPOS="332" ID="tl_7" VPOS="606" WIDTH="1623">
<String CONTENT="1 plaque de tôle pour tirer avec le pistolet Flaubert, I fr. — Total :" HEIGHT="55" HPOS="332" ID="string_tl_7" VPOS="606" WIDTH="1623"/>
</TextLine>
</TextBlock>
<TextBlock HEIGHT="39" HPOS="331" ID="r_3_3" VPOS="671" WIDTH="213">
<Shape>
<Polygon POINTS="331 671 544 671 544 710 331 710"/>
</Shape>
<TextLine BASELINE="332 709 543 709" HEIGHT="37" HPOS="332" ID="tl_8" VPOS="672" WIDTH="211">
<String CONTENT="87 fr. 30." HEIGHT="37" HPOS="332" ID="string_tl_8" VPOS="672" WIDTH="211"/>
</TextLine>
</TextBlock>
<TextBlock HEIGHT="44" HPOS="378" ID="r_3_4" VPOS="725" WIDTH="985">
<Shape>
<Polygon POINTS="378 725 1363 725 1363 769 378 769"/>
</Shape>
<TextLine BASELINE="379 768 1362 768" HEIGHT="42" HPOS="379" ID="tl_9" VPOS="726" WIDTH="983">
<String CONTENT="Total des armes et des munitions : 122 fr. 74." HEIGHT="42" HPOS="379" ID="string_tl_9" VPOS="726" WIDTH="983"/>
</TextLine>
</TextBlock>
<TextBlock HEIGHT="232" HPOS="330" ID="r_3_5" VPOS="783" WIDTH="1627">
<Shape>
<Polygon POINTS="330 783 1957 783 1957 1015 330 1015"/>
</Shape>
<TextLine BASELINE="378 836 1956 836" HEIGHT="52" HPOS="378" ID="tl_10" VPOS="784" WIDTH="1578">
<String CONTENT="6° décorations cl bijoux. — 1 médaille militaire neuve, 13 fr. — 1 mé¬" HEIGHT="52" HPOS="378" ID="string_tl_10" VPOS="784" WIDTH="1578"/>
</TextLine>
<TextLine BASELINE="331 896 1956 896" HEIGHT="53" HPOS="331" ID="tl_11" VPOS="843" WIDTH="1625">
<String CONTENT="daille d'Italie, fi fr. OU. — 1 médaille du Mexique, fi fr. — 1 montre en or à" HEIGHT="53" HPOS="331" ID="string_tl_11" VPOS="843" WIDTH="1625"/>
</TextLine>
<TextLine BASELINE="331 956 1956 956" HEIGHT="54" HPOS="331" ID="tl_12" VPOS="902" WIDTH="1625">
<String CONTENT="cylindre et 8 rubis, loo fr. — 1 chaine en jais, 4 fr. — 1 alliance de famille" HEIGHT="54" HPOS="331" ID="string_tl_12" VPOS="902" WIDTH="1625"/>
</TextLine>
<TextLine BASELINE="333 1014 1550 1014" HEIGHT="50" HPOS="333" ID="tl_13" VPOS="964" WIDTH="1217">
<String CONTENT="(venue de la mère du mari). 10 l'r. — dotal : 130 francs." HEIGHT="50" HPOS="333" ID="string_tl_13" VPOS="964" WIDTH="1217"/>
</TextLine>
</TextBlock>
<TextBlock HEIGHT="49" HPOS="377" ID="r_3_6" VPOS="1041" WIDTH="806">
<Shape>
<Polygon POINTS="377 1041 1183 1041 1183 1090 377 1090"/>
</Shape>
<TextLine BASELINE="378 1089 1182 1089" HEIGHT="47" HPOS="378" ID="tl_14" VPOS="1042" WIDTH="804">
<String CONTENT="VÈTKXir.NTS ni. I.A FEMME (K09 fr. fiü)." HEIGHT="47" HPOS="378" ID="string_tl_14" VPOS="1042" WIDTH="804"/>
</TextLine>
</TextBlock>
<TextBlock HEIGHT="54" HPOS="376" ID="r_3_7" VPOS="1116" WIDTH="1582">
<Shape>
<Polygon POINTS="376 1116 1958 1116 1958 1170 376 1170"/>
</Shape>
<TextLine BASELINE="377 1169 1957 1169" HEIGHT="52" HPOS="377" ID="tl_15" VPOS="1117" WIDTH="1580">
<String CONTENT="1° Vêtements du dimanche. — 1 robe en cachemire noire, 23 fr. 80. —" HEIGHT="52" HPOS="377" ID="string_tl_15" VPOS="1117" WIDTH="1580"/>
</TextLine>
</TextBlock>
<TextBlock HEIGHT="57" HPOS="328" ID="r_3_8" VPOS="1178" WIDTH="1628">
<Shape>
<Polygon POINTS="328 1178 1956 1178 1956 1235 328 1235"/>
</Shape>
<TextLine BASELINE="329 1234 1955 1234" HEIGHT="55" HPOS="329" ID="tl_16" VPOS="1179" WIDTH="1626">
<String CONTENT="1 robe fantaisie couleur verte, 7 fr. 10. — 1 paletot en drap, 17 fr. KO. —" HEIGHT="55" HPOS="329" ID="string_tl_16" VPOS="1179" WIDTH="1626"/>
</TextLine>
</TextBlock>
<TextBlock HEIGHT="116" HPOS="326" ID="r_3_9" VPOS="1237" WIDTH="1632">
<Shape>
<Polygon POINTS="326 1237 1958 1237 1958 1353 326 1353"/>
</Shape>
<TextLine BASELINE="329 1294 1957 1294" HEIGHT="56" HPOS="329" ID="tl_17" VPOS="1238" WIDTH="1628">
<String CONTENT="1 vêtement dit visite. 7 fr. 70. — 1 chapeau de velours, K fr. — 3 jupons" HEIGHT="56" HPOS="329" ID="string_tl_17" VPOS="1238" WIDTH="1628"/>
</TextLine>
<TextLine BASELINE="327 1352 1954 1352" HEIGHT="55" HPOS="327" ID="tl_18" VPOS="1297" WIDTH="1627">
<String CONTENT="blancs. 3 fr. (50. — 3 jupons blancs, 2 fr. 30. — 1 jupon de moire anglaise," HEIGHT="55" HPOS="327" ID="string_tl_18" VPOS="1297" WIDTH="1627"/>
</TextLine>
</TextBlock>
<TextBlock HEIGHT="58" HPOS="326" ID="r_3_10" VPOS="1355" WIDTH="1630">
<Shape>
<Polygon POINTS="326 1355 1956 1355 1956 1413 326 1413"/>
</Shape>
<TextLine BASELINE="327 1412 1955 1412" HEIGHT="56" HPOS="327" ID="tl_19" VPOS="1356" WIDTH="1628">
<String CONTENT="1 fr. 2K. — 1 jupon de soie, 10 fr. — 1 paire de jarretières, 0 fr. 3K. —" HEIGHT="56" HPOS="327" ID="string_tl_19" VPOS="1356" WIDTH="1628"/>
</TextLine>
</TextBlock>
<TextBlock HEIGHT="104" HPOS="326" ID="r_3_11" VPOS="1415" WIDTH="1629">
<Shape>
<Polygon POINTS="326 1415 1955 1415 1955 1519 326 1519"/>
</Shape>
<TextLine BASELINE="327 1472 1954 1472" HEIGHT="56" HPOS="327" ID="tl_20" VPOS="1416" WIDTH="1627">
<String CONTENT="2 paires de gants de peau, 4 fr. — 1 paire de bottines en cuir, 4 fr. —" HEIGHT="56" HPOS="327" ID="string_tl_20" VPOS="1416" WIDTH="1627"/>
</TextLine>
<TextLine BASELINE="328 1518 679 1518" HEIGHT="37" HPOS="328" ID="tl_21" VPOS="1481" WIDTH="351">
<String CONTENT="Total : 8(5 fr. fit)." HEIGHT="37" HPOS="328" ID="string_tl_21" VPOS="1481" WIDTH="351"/>
</TextLine>
</TextBlock>
<TextBlock HEIGHT="175" HPOS="326" ID="r_3_12" VPOS="1534" WIDTH="1630">
<Shape>
<Polygon POINTS="326 1534 1956 1534 1956 1709 326 1709"/>
</Shape>
<TextLine BASELINE="374 1589 1953 1589" HEIGHT="54" HPOS="374" ID="tl_22" VPOS="1535" WIDTH="1579">
<String CONTENT="2U Vêtements de travail. — 2 robes de laine pour la journée. 24 fr. KO." HEIGHT="54" HPOS="374" ID="string_tl_22" VPOS="1535" WIDTH="1579"/>
</TextLine>
<TextLine BASELINE="327 1649 1955 1649" HEIGHT="56" HPOS="327" ID="tl_23" VPOS="1593" WIDTH="1628">
<String CONTENT="— 4 robes de laine pour le matin, provenant des précédentes. 24 fr. Ko. —" HEIGHT="56" HPOS="327" ID="string_tl_23" VPOS="1593" WIDTH="1628"/>
</TextLine>
<TextLine BASELINE="327 1708 1953 1708" HEIGHT="55" HPOS="327" ID="tl_24" VPOS="1653" WIDTH="1626">
<String CONTENT="2 robes, 12 fr. 23. — 1 water-proof, 4 fr. KO. — 1 manteau mérinos," HEIGHT="55" HPOS="327" ID="string_tl_24" VPOS="1653" WIDTH="1626"/>
</TextLine>
</TextBlock>
<TextBlock HEIGHT="46" HPOS="326" ID="r_3_13" VPOS="1712" WIDTH="1630">
<Shape>
<Polygon POINTS="326 1712 1956 1712 1956 1758 326 1758"/>
</Shape>
<TextLine BASELINE="327 1757 1955 1757" HEIGHT="44" HPOS="327" ID="tl_25" VPOS="1713" WIDTH="1628">
<String CONTENT="2 fr. 80. — 2 douzaines de chemises. 28 fr. 80. — 1 douzaine de mouchoirs" HEIGHT="44" HPOS="327" ID="string_tl_25" VPOS="1713" WIDTH="1628"/>
</TextLine>
</TextBlock>
<TextBlock HEIGHT="59" HPOS="326" ID="r_3_14" VPOS="1769" WIDTH="1628">
<Shape>
<Polygon POINTS="326 1769 1954 1769 1954 1828 326 1828"/>
</Shape>
<TextLine BASELINE="327 1827 1953 1827" HEIGHT="57" HPOS="327" ID="tl_26" VPOS="1770" WIDTH="1626">
<String CONTENT="de poche, 1 fr. KO. — 1 douzaine de mouchoirs de poche, 3 fr. 30. —" HEIGHT="57" HPOS="327" ID="string_tl_26" VPOS="1770" WIDTH="1626"/>
</TextLine>
</TextBlock>
<TextBlock HEIGHT="58" HPOS="327" ID="r_3_15" VPOS="1829" WIDTH="1627">
<Shape>
<Polygon POINTS="327 1829 1954 1829 1954 1887 327 1887"/>
</Shape>
<TextLine BASELINE="328 1886 1953 1886" HEIGHT="56" HPOS="328" ID="tl_27" VPOS="1830" WIDTH="1625">
<String CONTENT="1 douzaine de paires de bas. 12 fr. — 1 corset, 4 fr. — 2 tabliers en" HEIGHT="56" HPOS="328" ID="string_tl_27" VPOS="1830" WIDTH="1625"/>
</TextLine>
</TextBlock>
<TextBlock HEIGHT="117" HPOS="325" ID="r_3_16" VPOS="1888" WIDTH="1628">
<Shape>
<Polygon POINTS="325 1888 1953 1888 1953 2005 325 2005"/>
</Shape>
<TextLine BASELINE="327 1944 1952 1944" HEIGHT="55" HPOS="327" ID="tl_28" VPOS="1889" WIDTH="1625">
<String CONTENT="colonnade. 2 fr. KK. — 2 paires de manchettes, 0 fr. 7K. — 3 cols, 1 fr. —" HEIGHT="55" HPOS="327" ID="string_tl_28" VPOS="1889" WIDTH="1625"/>
</TextLine>
<TextLine BASELINE="326 2004 1952 2004" HEIGHT="55" HPOS="326" ID="tl_29" VPOS="1949" WIDTH="1626">
<String CONTENT="4 foulards, fi fr. KO.— fi bonnets, 3 fr. —1 paire de bottines en étoffe," HEIGHT="55" HPOS="326" ID="string_tl_29" VPOS="1949" WIDTH="1626"/>
</TextLine>
</TextBlock>
<TextBlock HEIGHT="58" HPOS="325" ID="r_3_17" VPOS="2008" WIDTH="1429">
<Shape>
<Polygon POINTS="325 2008 1754 2008 1754 2066 325 2066"/>
</Shape>
<TextLine BASELINE="326 2065 1753 2065" HEIGHT="56" HPOS="326" ID="tl_30" VPOS="2009" WIDTH="1427">
<String CONTENT="3 fr. KO. — 1 paire de caoutchoucs, 0 fr. (50. — Total : 13fi fr. OK." HEIGHT="56" HPOS="326" ID="string_tl_30" VPOS="2009" WIDTH="1427"/>
</TextLine>
</TextBlock>
<TextBlock HEIGHT="239" HPOS="324" ID="r_3_18" VPOS="2066" WIDTH="1629">
<Shape>
<Polygon POINTS="324 2066 1953 2066 1953 2305 324 2305"/>
</Shape>
<TextLine BASELINE="372 2123 1950 2123" HEIGHT="56" HPOS="372" ID="tl_31" VPOS="2067" WIDTH="1578">
<String CONTENT="3° Bijoux. — Une montre de femme remontoir, système Louis XV." HEIGHT="56" HPOS="372" ID="string_tl_31" VPOS="2067" WIDTH="1578"/>
</TextLine>
<TextLine BASELINE="328 2181 1952 2181" HEIGHT="54" HPOS="328" ID="tl_32" VPOS="2127" WIDTH="1624">
<String CONTENT="lot) fr. — 1 alliance, 18 fr. — 1 bague avec un grenat, 20 fr. — 1 médail¬" HEIGHT="54" HPOS="328" ID="string_tl_32" VPOS="2127" WIDTH="1624"/>
</TextLine>
<TextLine BASELINE="325 2239 1950 2239" HEIGHT="54" HPOS="325" ID="tl_33" VPOS="2185" WIDTH="1625">
<String CONTENT="lon en or, 40 fr. — 1 Jeannette, ou croix en or, avec collier en or, 37 fr. —" HEIGHT="54" HPOS="325" ID="string_tl_33" VPOS="2185" WIDTH="1625"/>
</TextLine>
<TextLine BASELINE="325 2304 1675 2304" HEIGHT="57" HPOS="325" ID="tl_34" VPOS="2247" WIDTH="1350">
<String CONTENT="1 paire de boucles d’oreilles en or, 22 fr. — Total : 287 francs." HEIGHT="57" HPOS="325" ID="string_tl_34" VPOS="2247" WIDTH="1350"/>
</TextLine>
</TextBlock>
<TextBlock HEIGHT="53" HPOS="371" ID="r_3_19" VPOS="2337" WIDTH="742">
<Shape>
<Polygon POINTS="371 2337 1113 2337 1113 2390 371 2390"/>
</Shape>
<TextLine BASELINE="372 2389 1112 2389" HEIGHT="51" HPOS="372" ID="tl_35" VPOS="2338" WIDTH="740">
<String CONTENT="VÊTEMENTS DU GARÇON (41 fr. Oo)." HEIGHT="51" HPOS="372" ID="string_tl_35" VPOS="2338" WIDTH="740"/>
</TextLine>
</TextBlock>
<TextBlock HEIGHT="53" HPOS="371" ID="r_3_20" VPOS="2411" WIDTH="1580">
<Shape>
<Polygon POINTS="371 2411 1951 2411 1951 2464 371 2464"/>
</Shape>
<TextLine BASELINE="372 2463 1950 2463" HEIGHT="51" HPOS="372" ID="tl_36" VPOS="2412" WIDTH="1578">
<String CONTENT="1° Vêtements du dimanche. — 1 robe bleue en cachemire, 4 fr. 20. —" HEIGHT="51" HPOS="372" ID="string_tl_36" VPOS="2412" WIDTH="1578"/>
</TextLine>
</TextBlock>
<TextBlock HEIGHT="116" HPOS="323" ID="r_3_21" VPOS="2471" WIDTH="1629">
<Shape>
<Polygon POINTS="323 2471 1952 2471 1952 2587 323 2587"/>
</Shape>
<TextLine BASELINE="324 2531 1951 2531" HEIGHT="59" HPOS="324" ID="tl_37" VPOS="2472" WIDTH="1627">
<String CONTENT="1 paletot en drap gris, 1 fr. KO. — 1 toque astrakan. 1 fr. KO. — 1 paire de" HEIGHT="59" HPOS="324" ID="string_tl_37" VPOS="2472" WIDTH="1627"/>
</TextLine>
<TextLine BASELINE="324 2586 1951 2586" HEIGHT="56" HPOS="324" ID="tl_38" VPOS="2530" WIDTH="1627">
<String CONTENT="bottines blanches en peau, 2 fr. — 2 pantalons blancs en calicot, 3 fr. —" HEIGHT="56" HPOS="324" ID="string_tl_38" VPOS="2530" WIDTH="1627"/>
</TextLine>
</TextBlock>
<TextBlock HEIGHT="123" HPOS="322" ID="r_3_22" VPOS="2588" WIDTH="1630">
<Shape>
<Polygon POINTS="322 2588 1952 2588 1952 2711 322 2711"/>
</Shape>
<TextLine BASELINE="323 2650 1951 2650" HEIGHT="61" HPOS="323" ID="tl_39" VPOS="2589" WIDTH="1628">
<String CONTENT="4 jupons blancs en calicot, 2 fr. — 2 tabliers blancs, 2 fr. KO. — 1 paire de" HEIGHT="61" HPOS="323" ID="string_tl_39" VPOS="2589" WIDTH="1628"/>
</TextLine>
<TextLine BASELINE="323 2710 1763 2710" HEIGHT="60" HPOS="323" ID="tl_40" VPOS="2650" WIDTH="1440">
<String CONTENT="gants. 0 fr. 2K. — 1 paire de mitaines, 0 fr. 2K. — Total : 17 fr. 20." HEIGHT="60" HPOS="323" ID="string_tl_40" VPOS="2650" WIDTH="1440"/>
</TextLine>
</TextBlock>
<TextBlock HEIGHT="178" HPOS="320" ID="r_3_23" VPOS="2707" WIDTH="1632">
<Shape>
<Polygon POINTS="320 2707 1952 2707 1952 2885 320 2885"/>
</Shape>
<TextLine BASELINE="369 2762 1951 2762" HEIGHT="54" HPOS="369" ID="tl_41" VPOS="2708" WIDTH="1582">
<String CONTENT="2° Vêlements de la semaine. — 1 robe bleue en drap, 1 fr. — 3 robes" HEIGHT="54" HPOS="369" ID="string_tl_41" VPOS="2708" WIDTH="1582"/>
</TextLine>
<TextLine BASELINE="322 2829 1949 2829" HEIGHT="61" HPOS="322" ID="tl_42" VPOS="2768" WIDTH="1627">
<String CONTENT="grises, 2 fr. — 1 manteau, 1 fr. — 1 loque astrakan, 0 fr. KO. — 4 che¬" HEIGHT="61" HPOS="322" ID="string_tl_42" VPOS="2768" WIDTH="1627"/>
</TextLine>
<TextLine BASELINE="321 2884 1947 2884" HEIGHT="57" HPOS="321" ID="tl_43" VPOS="2827" WIDTH="1626">
<String CONTENT="mises, 3 fr. — 6 mouchoirs de poche, U fr. (50. — fi paires de bas de colon," HEIGHT="57" HPOS="321" ID="string_tl_43" VPOS="2827" WIDTH="1626"/>
</TextLine>
</TextBlock>
<TextBlock HEIGHT="180" HPOS="319" ID="r_3_24" VPOS="2884" WIDTH="1630">
<Shape>
<Polygon POINTS="319 2884 1949 2884 1949 3064 319 3064"/>
</Shape>
<TextLine BASELINE="321 2944 1947 2944" HEIGHT="59" HPOS="321" ID="tl_44" VPOS="2885" WIDTH="1626">
<String CONTENT="2 fr. — 2 paires de bas de laine, 2 fr. — I paire de bas de laine, 0 fr. 7K.—" HEIGHT="59" HPOS="321" ID="string_tl_44" VPOS="2885" WIDTH="1626"/>
</TextLine>
<TextLine BASELINE="320 2996 1948 2996" HEIGHT="52" HPOS="320" ID="tl_45" VPOS="2944" WIDTH="1628">
<String CONTENT="4 bonnets de nuit en couleur, 1 fr. — fi fichus de cou, 1 fr. Ko. — 2 fou¬" HEIGHT="52" HPOS="320" ID="string_tl_45" VPOS="2944" WIDTH="1628"/>
</TextLine>
<TextLine BASELINE="322 3063 1945 3063" HEIGHT="60" HPOS="322" ID="tl_46" VPOS="3003" WIDTH="1623">
<String CONTENT="lards, 0 fr. KO. — 3 tabliers en cotonnade, 3 fr. — 1 paire de galoches." HEIGHT="60" HPOS="322" ID="string_tl_46" VPOS="3003" WIDTH="1623"/>
</TextLine>
</TextBlock>
<TextBlock HEIGHT="123" HPOS="319" ID="r_3_25" VPOS="3061" WIDTH="1630">
<Shape>
<Polygon POINTS="319 3061 1949 3061 1949 3184 319 3184"/>
</Shape>
<TextLine BASELINE="321 3121 1948 3121" HEIGHT="59" HPOS="321" ID="tl_47" VPOS="3062" WIDTH="1627">
<String CONTENT="1 fr. KO. — 1 paires de [bottines noires, 3 fr. — 1 paire de souliers pour" HEIGHT="59" HPOS="321" ID="string_tl_47" VPOS="3062" WIDTH="1627"/>
</TextLine>
<TextLine BASELINE="320 3183 1048 3183" HEIGHT="57" HPOS="320" ID="tl_48" VPOS="3126" WIDTH="728">
<String CONTENT="l’été, 0 fr. 50. — Total : 23 fr. 85." HEIGHT="57" HPOS="320" ID="string_tl_48" VPOS="3126" WIDTH="728"/>
</TextLine>
</TextBlock>
</PrintSpace>
</Page>
</Layout>
</alto>