<?xml version="1.0" encoding="utf-8"?>
<alto xmlns="http://www.loc.gov/standards/alto/ns-v4#" xmlns:xsi="http://www.w3.org/2001/XMLSchema-instance" xsi:schemaLocation="http://www.loc.gov/standards/alto/ns-v4# https://gitlab.inria.fr/scripta/escriptorium/-/raw/develop/app/escriptorium/static/alto-4-1-baselines.xsd">
<Description>
<MeasurementUnit>pixel</MeasurementUnit><sourceImageInformation><fileName>lesouvriersdesde05sociuoft_0370.tif</fileName></sourceImageInformation>
<OCRProcessing ID="IdOcr">
<ocrProcessingStep>
<processingDateTime>2020-08-28T16:17:15.673+02:00</processingDateTime>
<processingSoftware>
<softwareCreator>READ COOP</softwareCreator>
<softwareName>Transkribus</softwareName>
</processingSoftware>
</ocrProcessingStep>
</OCRProcessing>
</Description>
<Layout>
<Page HEIGHT="3508" ID="Page1" PHYSICAL_IMG_NR="1" WIDTH="2170">
<TopMargin HEIGHT="243" HPOS="0" VPOS="0" WIDTH="2170"/>
<LeftMargin HEIGHT="2957" HPOS="0" VPOS="243" WIDTH="163"/>
<RightMargin HEIGHT="2957" HPOS="2149" VPOS="243" WIDTH="21"/>
<BottomMargin HEIGHT="308" HPOS="0" VPOS="3200" WIDTH="2170"/>
<PrintSpace HEIGHT="2957" HPOS="163" VPOS="243" WIDTH="1986">
<TextBlock HEIGHT="42" HPOS="175" ID="r_1_1" VPOS="287" WIDTH="80">
<Shape>
<Polygon POINTS="175 287 255 287 255 329 175 329"/>
</Shape>
<TextLine BASELINE="176 328 254 328" HEIGHT="40" HPOS="176" ID="tl_1" VPOS="288" WIDTH="78">
<String CONTENT="278" HEIGHT="40" HPOS="176" ID="string_tl_1" VPOS="288" WIDTH="78"/>
</TextLine>
</TextBlock>
<TextBlock HEIGHT="65" HPOS="514" ID="r_2_1" VPOS="256" WIDTH="1229">
<Shape>
<Polygon POINTS="514 256 1743 256 1743 321 514 321"/>
</Shape>
<TextLine BASELINE="515 320 1742 320" HEIGHT="63" HPOS="515" ID="tl_2" VPOS="257" WIDTH="1227">
<String CONTENT="N° 43. — BRIGADIER 1)E LA GARDE RÉPUBLICAINE." HEIGHT="63" HPOS="515" ID="string_tl_2" VPOS="257" WIDTH="1227"/>
</TextLine>
</TextBlock>
<TextBlock HEIGHT="81" HPOS="514" ID="r_3_1" VPOS="356" WIDTH="1238">
<Shape>
<Polygon POINTS="514 356 1752 356 1752 437 514 437"/>
</Shape>
<TextLine BASELINE="515 436 1751 436" HEIGHT="79" HPOS="515" ID="tl_3" VPOS="357" WIDTH="1236">
<String CONTENT="§ 14. — BUDGET DES RECETTES DE L’ANNÉE." HEIGHT="79" HPOS="515" ID="string_tl_3" VPOS="357" WIDTH="1236"/>
</TextLine>
</TextBlock>
<TextBlock HEIGHT="45" HPOS="732" ID="r_4_1" VPOS="572" WIDTH="572">
<Shape>
<Polygon POINTS="732 572 1304 572 1304 617 732 617"/>
</Shape>
<TextLine BASELINE="733 616 1303 616" HEIGHT="43" HPOS="733" ID="tl_4" VPOS="573" WIDTH="570">
<String CONTENT="SOURCES DES RECETTES." HEIGHT="43" HPOS="733" ID="string_tl_4" VPOS="573" WIDTH="570"/>
</TextLine>
</TextBlock>
<TextBlock HEIGHT="41" HPOS="878" ID="r_5_1" VPOS="874" WIDTH="283">
<Shape>
<Polygon POINTS="878 874 1161 874 1161 915 878 915"/>
</Shape>
<TextLine BASELINE="879 914 1160 914" HEIGHT="39" HPOS="879" ID="tl_5" VPOS="875" WIDTH="281">
<String CONTENT='SECTION I".' HEIGHT="39" HPOS="879" ID="string_tl_5" VPOS="875" WIDTH="281"/>
</TextLine>
</TextBlock>
<TextBlock HEIGHT="53" HPOS="600" ID="r_5_2" VPOS="988" WIDTH="846">
<Shape>
<Polygon POINTS="600 988 1446 988 1446 1041 600 1041"/>
</Shape>
<TextLine BASELINE="601 1040 1445 1040" HEIGHT="51" HPOS="601" ID="tl_6" VPOS="989" WIDTH="844">
<String CONTENT="Propriétés possédées par la famille." HEIGHT="51" HPOS="601" ID="string_tl_6" VPOS="989" WIDTH="844"/>
</TextLine>
</TextBlock>
<TextBlock HEIGHT="46" HPOS="643" ID="r_5_3" VPOS="1094" WIDTH="788">
<Shape>
<Polygon POINTS="643 1094 1431 1094 1431 1140 643 1140"/>
</Shape>
<TextLine BASELINE="644 1139 1430 1139" HEIGHT="44" HPOS="644" ID="tl_7" VPOS="1095" WIDTH="786">
<String CONTENT='Akt. 1". — Propriétés immobilières.' HEIGHT="44" HPOS="644" ID="string_tl_7" VPOS="1095" WIDTH="786"/>
</TextLine>
</TextBlock>
<TextBlock HEIGHT="168" HPOS="226" ID="r_5_4" VPOS="1216" WIDTH="1602">
<Shape>
<Polygon POINTS="226 1216 1828 1216 1828 1384 226 1384"/>
</Shape>
<TextLine BASELINE="227 1286 1827 1286" HEIGHT="69" HPOS="227" ID="tl_8" VPOS="1217" WIDTH="1600">
<String CONTENT="La famille possède dans le département des Pyrénées-Orientales, à Olet, une" HEIGHT="69" HPOS="227" ID="string_tl_8" VPOS="1217" WIDTH="1600"/>
</TextLine>
<TextLine BASELINE="269 1339 1827 1339" HEIGHT="67" HPOS="269" ID="tl_9" VPOS="1272" WIDTH="1558">
<String CONTENT="petite propriété achetée par le mari il y a quatre ans et administrée par" HEIGHT="67" HPOS="269" ID="string_tl_9" VPOS="1272" WIDTH="1558"/>
</TextLine>
<TextLine BASELINE="270 1383 1827 1383" HEIGHT="59" HPOS="270" ID="tl_10" VPOS="1324" WIDTH="1557">
<String CONTENT="une de ses tantes. .(tî)" HEIGHT="59" HPOS="270" ID="string_tl_10" VPOS="1324" WIDTH="1557"/>
</TextLine>
</TextBlock>
<TextBlock HEIGHT="47" HPOS="691" ID="r_6_1" VPOS="1459" WIDTH="665">
<Shape>
<Polygon POINTS="691 1459 1356 1459 1356 1506 691 1506"/>
</Shape>
<TextLine BASELINE="692 1505 1355 1505" HEIGHT="45" HPOS="692" ID="tl_11" VPOS="1460" WIDTH="663">
<String CONTENT="Art. 2. — Valeurs mobilières." HEIGHT="45" HPOS="692" ID="string_tl_11" VPOS="1460" WIDTH="663"/>
</TextLine>
</TextBlock>
<TextBlock HEIGHT="69" HPOS="226" ID="r_6_2" VPOS="1594" WIDTH="1606">
<Shape>
<Polygon POINTS="226 1594 1832 1594 1832 1663 226 1663"/>
</Shape>
<TextLine BASELINE="227 1662 1831 1662" HEIGHT="67" HPOS="227" ID="tl_12" VPOS="1595" WIDTH="1604">
<String CONTENT="2 obligations 3 pour cent de la Ville de Paris, emprunt 1871.(6)" HEIGHT="67" HPOS="227" ID="string_tl_12" VPOS="1595" WIDTH="1604"/>
</TextLine>
</TextBlock>
<TextBlock HEIGHT="59" HPOS="230" ID="r_6_3" VPOS="1705" WIDTH="950">
<Shape>
<Polygon POINTS="230 1705 1180 1705 1180 1764 230 1764"/>
</Shape>
<TextLine BASELINE="231 1763 1179 1763" HEIGHT="57" HPOS="231" ID="tl_13" VPOS="1706" WIDTH="948">
<String CONTENT="Matériel spécial des travaux et industries :" HEIGHT="57" HPOS="231" ID="string_tl_13" VPOS="1706" WIDTH="948"/>
</TextLine>
</TextBlock>
<TextBlock HEIGHT="65" HPOS="459" ID="r_6_4" VPOS="1768" WIDTH="1376">
<Shape>
<Polygon POINTS="459 1768 1835 1768 1835 1833 459 1833"/>
</Shape>
<TextLine BASELINE="460 1832 1834 1832" HEIGHT="63" HPOS="460" ID="tl_14" VPOS="1769" WIDTH="1374">
<String CONTENT="Matériel de repassage du linge.(61" HEIGHT="63" HPOS="460" ID="string_tl_14" VPOS="1769" WIDTH="1374"/>
</TextLine>
</TextBlock>
<TextBlock HEIGHT="66" HPOS="459" ID="r_6_5" VPOS="1821" WIDTH="1379">
<Shape>
<Polygon POINTS="459 1821 1838 1821 1838 1887 459 1887"/>
</Shape>
<TextLine BASELINE="460 1886 1837 1886" HEIGHT="64" HPOS="460" ID="tl_15" VPOS="1822" WIDTH="1377">
<String CONTENT="Machine à coudre pour les travaux de la femme.(6)" HEIGHT="64" HPOS="460" ID="string_tl_15" VPOS="1822" WIDTH="1377"/>
</TextLine>
</TextBlock>
<TextBlock HEIGHT="60" HPOS="272" ID="r_7_1" VPOS="1911" WIDTH="1525">
<Shape>
<Polygon POINTS="272 1911 1797 1911 1797 1971 272 1971"/>
</Shape>
<TextLine BASELINE="273 1970 1796 1970" HEIGHT="58" HPOS="273" ID="tl_16" VPOS="1912" WIDTH="1523">
<String CONTENT="Art. 3.— Droits aux allocations de sociétés d’assurances mutuelles." HEIGHT="58" HPOS="273" ID="string_tl_16" VPOS="1912" WIDTH="1523"/>
</TextLine>
</TextBlock>
<TextBlock HEIGHT="67" HPOS="227" ID="r_7_2" VPOS="2011" WIDTH="1584">
<Shape>
<Polygon POINTS="227 2011 1811 2011 1811 2078 227 2078"/>
</Shape>
<TextLine BASELINE="228 2077 1810 2077" HEIGHT="65" HPOS="228" ID="tl_17" VPOS="2012" WIDTH="1582">
<String CONTENT="(La famille n’est liée à aucune société île ce genre)." HEIGHT="65" HPOS="228" ID="string_tl_17" VPOS="2012" WIDTH="1582"/>
</TextLine>
</TextBlock>
<TextBlock HEIGHT="61" HPOS="665" ID="r_7_3" VPOS="2090" WIDTH="1147">
<Shape>
<Polygon POINTS="665 2090 1812 2090 1812 2151 665 2151"/>
</Shape>
<TextLine BASELINE="666 2150 1811 2150" HEIGHT="59" HPOS="666" ID="tl_18" VPOS="2091" WIDTH="1145">
<String CONTENT="Valeur totale des propriétés." HEIGHT="59" HPOS="666" ID="string_tl_18" VPOS="2091" WIDTH="1145"/>
</TextLine>
</TextBlock>
<TextBlock HEIGHT="37" HPOS="898" ID="r_7_4" VPOS="2189" WIDTH="266">
<Shape>
<Polygon POINTS="898 2189 1164 2189 1164 2226 898 2226"/>
</Shape>
<TextLine BASELINE="899 2225 1163 2225" HEIGHT="35" HPOS="899" ID="tl_19" VPOS="2190" WIDTH="264">
<String CONTENT="SECTION II." HEIGHT="35" HPOS="899" ID="string_tl_19" VPOS="2190" WIDTH="264"/>
</TextLine>
</TextBlock>
<TextBlock HEIGHT="23" HPOS="1870" ID="r_8_1" VPOS="497" WIDTH="173">
<Shape>
<Polygon POINTS="1870 497 2043 497 2043 520 1870 520"/>
</Shape>
<TextLine BASELINE="1871 519 2042 519" HEIGHT="21" HPOS="1871" ID="tl_20" VPOS="498" WIDTH="171">
<String CONTENT="EVALUATION" HEIGHT="21" HPOS="1871" ID="string_tl_20" VPOS="498" WIDTH="171"/>
</TextLine>
</TextBlock>
<TextBlock HEIGHT="41" HPOS="1859" ID="r_8_2" VPOS="524" WIDTH="195">
<Shape>
<Polygon POINTS="1859 524 2054 524 2054 565 1859 565"/>
</Shape>
<TextLine BASELINE="1860 564 2053 564" HEIGHT="39" HPOS="1860" ID="tl_21" VPOS="525" WIDTH="193">
<String CONTENT="approximative" HEIGHT="39" HPOS="1860" ID="string_tl_21" VPOS="525" WIDTH="193"/>
</TextLine>
</TextBlock>
<TextBlock HEIGHT="61" HPOS="1849" ID="r_8_3" VPOS="604" WIDTH="213">
<Shape>
<Polygon POINTS="1849 604 2062 604 2062 665 1849 665"/>
</Shape>
<TextLine BASELINE="1889 629 2027 629" HEIGHT="24" HPOS="1889" ID="tl_22" VPOS="605" WIDTH="138">
<String CONTENT="sources" HEIGHT="24" HPOS="1889" ID="string_tl_22" VPOS="605" WIDTH="138"/>
</TextLine>
<TextLine BASELINE="1850 664 2061 664" HEIGHT="32" HPOS="1850" ID="tl_23" VPOS="632" WIDTH="211">
<String CONTENT="de recettes." HEIGHT="32" HPOS="1850" ID="string_tl_23" VPOS="632" WIDTH="211"/>
</TextLine>
</TextBlock>
<TextBlock HEIGHT="42" HPOS="1855" ID="r_9_1" VPOS="845" WIDTH="210">
<Shape>
<Polygon POINTS="1855 845 2065 845 2065 887 1855 887"/>
</Shape>
<TextLine BASELINE="1856 886 2064 886" HEIGHT="40" HPOS="1856" ID="tl_24" VPOS="846" WIDTH="208">
<String CONTENT="propriétés." HEIGHT="40" HPOS="1856" ID="string_tl_24" VPOS="846" WIDTH="208"/>
</TextLine>
</TextBlock>
<TextBlock HEIGHT="35" HPOS="1909" ID="r_10_1" VPOS="1314" WIDTH="125">
<Shape>
<Polygon POINTS="1909 1314 2034 1314 2034 1349 1909 1349"/>
</Shape>
<TextLine BASELINE="1910 1348 2033 1348" HEIGHT="33" HPOS="1910" ID="tl_25" VPOS="1315" WIDTH="123">
<String CONTENT="1800 f." HEIGHT="33" HPOS="1910" ID="string_tl_25" VPOS="1315" WIDTH="123"/>
</TextLine>
</TextBlock>
<TextBlock HEIGHT="35" HPOS="1933" ID="r_11_1" VPOS="1593" WIDTH="124">
<Shape>
<Polygon POINTS="1933 1593 2057 1593 2057 1628 1933 1628"/>
</Shape>
<TextLine BASELINE="1934 1627 2056 1627" HEIGHT="33" HPOS="1934" ID="tl_26" VPOS="1594" WIDTH="122">
<String CONTENT="796 00" HEIGHT="33" HPOS="1934" ID="string_tl_26" VPOS="1594" WIDTH="122"/>
</TextLine>
</TextBlock>
<TextBlock HEIGHT="89" HPOS="1946" ID="r_12_1" VPOS="1765" WIDTH="125">
<Shape>
<Polygon POINTS="1946 1765 2071 1765 2071 1854 1946 1854"/>
</Shape>
<TextLine BASELINE="1990 1799 2068 1799" HEIGHT="33" HPOS="1990" ID="tl_27" VPOS="1766" WIDTH="78">
<String CONTENT="4 10" HEIGHT="33" HPOS="1990" ID="string_tl_27" VPOS="1766" WIDTH="78"/>
</TextLine>
<TextLine BASELINE="1947 1853 2070 1853" HEIGHT="34" HPOS="1947" ID="tl_28" VPOS="1819" WIDTH="123">
<String CONTENT="250 00" HEIGHT="34" HPOS="1947" ID="string_tl_28" VPOS="1819" WIDTH="123"/>
</TextLine>
</TextBlock>
<TextBlock HEIGHT="-9.999999E6" HPOS="9999999" ID="r_13_1" VPOS="9999999" WIDTH="-9.999999E6">
<Shape>
<Polygon POINTS="       "/>
</Shape>
</TextBlock>
<TextBlock HEIGHT="40" HPOS="1912" ID="r_14_1" VPOS="2102" WIDTH="162">
<Shape>
<Polygon POINTS="1912 2102 2074 2102 2074 2142 1912 2142"/>
</Shape>
<TextLine BASELINE="1913 2141 2073 2141" HEIGHT="38" HPOS="1913" ID="tl_29" VPOS="2103" WIDTH="160">
<String CONTENT="2,850 10" HEIGHT="38" HPOS="1913" ID="string_tl_29" VPOS="2103" WIDTH="160"/>
</TextLine>
</TextBlock>
<TextBlock HEIGHT="55" HPOS="627" ID="r_15_1" VPOS="2247" WIDTH="803">
<Shape>
<Polygon POINTS="627 2247 1430 2247 1430 2302 627 2302"/>
</Shape>
<TextLine BASELINE="628 2301 1429 2301" HEIGHT="53" HPOS="628" ID="tl_30" VPOS="2248" WIDTH="801">
<String CONTENT="Subventions reçues par la famille." HEIGHT="53" HPOS="628" ID="string_tl_30" VPOS="2248" WIDTH="801"/>
</TextLine>
</TextBlock>
<TextBlock HEIGHT="56" HPOS="556" ID="r_15_2" VPOS="2304" WIDTH="936">
<Shape>
<Polygon POINTS="556 2304 1492 2304 1492 2360 556 2360"/>
</Shape>
<TextLine BASELINE="557 2359 1491 2359" HEIGHT="54" HPOS="557" ID="tl_31" VPOS="2305" WIDTH="934">
<String CONTENT="Art. 1er. — Propriétés reçues en usufruit." HEIGHT="54" HPOS="557" ID="string_tl_31" VPOS="2305" WIDTH="934"/>
</TextLine>
</TextBlock>
<TextBlock HEIGHT="74" HPOS="225" ID="r_15_3" VPOS="2352" WIDTH="1908">
<Shape>
<Polygon POINTS="225 2352 2133 2352 2133 2426 225 2426"/>
</Shape>
<TextLine BASELINE="226 2425 2132 2425" HEIGHT="72" HPOS="226" ID="tl_32" VPOS="2353" WIDTH="1906">
<String CONTENT="(I.a famille ne reçoit aucune propriété en usufruit)." HEIGHT="72" HPOS="226" ID="string_tl_32" VPOS="2353" WIDTH="1906"/>
</TextLine>
</TextBlock>
<TextBlock HEIGHT="53" HPOS="450" ID="r_15_4" VPOS="2421" WIDTH="1174">
<Shape>
<Polygon POINTS="450 2421 1624 2421 1624 2474 450 2474"/>
</Shape>
<TextLine BASELINE="451 2473 1623 2473" HEIGHT="51" HPOS="451" ID="tl_33" VPOS="2422" WIDTH="1172">
<String CONTENT="Art. 2. — Droits d'usages sur les propriétés voisines." HEIGHT="51" HPOS="451" ID="string_tl_33" VPOS="2422" WIDTH="1172"/>
</TextLine>
</TextBlock>
<TextBlock HEIGHT="74" HPOS="228" ID="r_15_5" VPOS="2470" WIDTH="1907">
<Shape>
<Polygon POINTS="228 2470 2135 2470 2135 2544 228 2544"/>
</Shape>
<TextLine BASELINE="229 2543 2134 2543" HEIGHT="72" HPOS="229" ID="tl_34" VPOS="2471" WIDTH="1905">
<String CONTENT="(La famille ne jouit d'aucun droit de ce genre)..." HEIGHT="72" HPOS="229" ID="string_tl_34" VPOS="2471" WIDTH="1905"/>
</TextLine>
</TextBlock>
<TextBlock HEIGHT="51" HPOS="525" ID="r_15_6" VPOS="2543" WIDTH="1001">
<Shape>
<Polygon POINTS="525 2543 1526 2543 1526 2594 525 2594"/>
</Shape>
<TextLine BASELINE="526 2593 1525 2593" HEIGHT="49" HPOS="526" ID="tl_35" VPOS="2544" WIDTH="999">
<String CONTENT="Art. 3. — Allocations d'objets et de services." HEIGHT="49" HPOS="526" ID="string_tl_35" VPOS="2544" WIDTH="999"/>
</TextLine>
</TextBlock>
<TextBlock HEIGHT="123" HPOS="228" ID="r_15_7" VPOS="2588" WIDTH="1910">
<Shape>
<Polygon POINTS="228 2588 2138 2588 2138 2711 228 2711"/>
</Shape>
<TextLine BASELINE="229 2665 2136 2665" HEIGHT="76" HPOS="229" ID="tl_36" VPOS="2589" WIDTH="1907">
<String CONTENT="Allocations concernant la nourriture ou le surcroît de dépense occasionné par le séjour" HEIGHT="76" HPOS="229" ID="string_tl_36" VPOS="2589" WIDTH="1907"/>
</TextLine>
<TextLine BASELINE="523 2710 2137 2710" HEIGHT="61" HPOS="523" ID="tl_37" VPOS="2649" WIDTH="1614">
<String CONTENT="dans Paris, et indemnités de diverses natures." HEIGHT="61" HPOS="523" ID="string_tl_37" VPOS="2649" WIDTH="1614"/>
</TextLine>
</TextBlock>
<TextBlock HEIGHT="63" HPOS="480" ID="r_16_1" VPOS="2784" WIDTH="1284">
<Shape>
<Polygon POINTS="480 2784 1764 2784 1764 2847 480 2847"/>
</Shape>
<TextLine BASELINE="481 2846 1763 2846" HEIGHT="61" HPOS="481" ID="tl_38" VPOS="2785" WIDTH="1282">
<String CONTENT="concernant l'habitation, le blanchissage et les vêtements." HEIGHT="61" HPOS="481" ID="string_tl_38" VPOS="2785" WIDTH="1282"/>
</TextLine>
</TextBlock>
<TextBlock HEIGHT="55" HPOS="482" ID="r_17_1" VPOS="2974" WIDTH="837">
<Shape>
<Polygon POINTS="482 2974 1319 2974 1319 3029 482 3029"/>
</Shape>
<TextLine BASELINE="483 3028 1318 3028" HEIGHT="53" HPOS="483" ID="tl_39" VPOS="2975" WIDTH="835">
<String CONTENT="concernant les besoins moraux, etc.." HEIGHT="53" HPOS="483" ID="string_tl_39" VPOS="2975" WIDTH="835"/>
</TextLine>
</TextBlock>
<GraphicalElement HEIGHT="51" HPOS="183" ID="r_18" VPOS="445" WIDTH="1910"/>
<GraphicalElement HEIGHT="44" HPOS="196" ID="r_19" VPOS="461" WIDTH="1897"/>
<GraphicalElement HEIGHT="11" HPOS="1859" ID="r_20" VPOS="693" WIDTH="202"/>
<GraphicalElement HEIGHT="37" HPOS="209" ID="r_21" VPOS="698" WIDTH="1616"/>
<GraphicalElement HEIGHT="11" HPOS="1868" ID="r_22" VPOS="959" WIDTH="198"/>
<GraphicalElement HEIGHT="11" HPOS="1880" ID="r_23" VPOS="2079" WIDTH="206"/>
<GraphicalElement HEIGHT="13" HPOS="1883" ID="r_24" VPOS="2161" WIDTH="202"/>
<GraphicalElement HEIGHT="318" HPOS="186" ID="r_25" VPOS="2882" WIDTH="24"/>
<GraphicalElement HEIGHT="2388" HPOS="174" ID="r_26" VPOS="494" WIDTH="38"/>
<GraphicalElement HEIGHT="393" HPOS="201" ID="r_27" VPOS="2679" WIDTH="11"/>
<GraphicalElement HEIGHT="1426" HPOS="190" ID="r_28" VPOS="505" WIDTH="22"/>
<GraphicalElement HEIGHT="1698" HPOS="1832" ID="r_29" VPOS="478" WIDTH="40"/>
<GraphicalElement HEIGHT="1690" HPOS="2066" ID="r_30" VPOS="475" WIDTH="39"/>
<GraphicalElement HEIGHT="12" HPOS="670" ID="r_31" VPOS="1365" WIDTH="434"/>
<GraphicalElement HEIGHT="17" HPOS="1172" ID="r_32" VPOS="1795" WIDTH="614"/>
<GraphicalElement HEIGHT="17" HPOS="1358" ID="r_33" VPOS="2036" WIDTH="482"/>
<GraphicalElement HEIGHT="13" HPOS="1527" ID="r_34" VPOS="2114" WIDTH="312"/>
<GraphicalElement HEIGHT="7" HPOS="1343" ID="r_35" VPOS="2122" WIDTH="120"/>
<GraphicalElement HEIGHT="19" HPOS="1389" ID="r_36" VPOS="2380" WIDTH="744"/>
<GraphicalElement HEIGHT="22" HPOS="1266" ID="r_37" VPOS="2498" WIDTH="868"/>
<GraphicalElement HEIGHT="18" HPOS="1563" ID="r_38" VPOS="2674" WIDTH="574"/>
<GraphicalElement HEIGHT="16" HPOS="1757" ID="r_39" VPOS="2806" WIDTH="374"/>
<GraphicalElement HEIGHT="20" HPOS="1315" ID="r_40" VPOS="2992" WIDTH="826"/>
</PrintSpace>
</Page>
</Layout>
</alto>