<?xml version="1.0" encoding="utf-8"?>
<alto xmlns="http://www.loc.gov/standards/alto/ns-v4#" xmlns:xsi="http://www.w3.org/2001/XMLSchema-instance" xsi:schemaLocation="http://www.loc.gov/standards/alto/ns-v4# https://gitlab.inria.fr/scripta/escriptorium/-/raw/develop/app/escriptorium/static/alto-4-1-baselines.xsd">
<Description>
<MeasurementUnit>pixel</MeasurementUnit><sourceImageInformation><fileName>lesouvriersdesde05sociuoft_0365.tif</fileName></sourceImageInformation>
<OCRProcessing ID="IdOcr">
<ocrProcessingStep>
<processingDateTime>2020-08-28T16:17:12.294+02:00</processingDateTime>
<processingSoftware>
<softwareCreator>READ COOP</softwareCreator>
<softwareName>Transkribus</softwareName>
</processingSoftware>
</ocrProcessingStep>
</OCRProcessing>
</Description>
<Layout>
<Page HEIGHT="3508" ID="Page1" PHYSICAL_IMG_NR="1" WIDTH="2170">
<TopMargin HEIGHT="260" HPOS="0" VPOS="0" WIDTH="2170"/>
<LeftMargin HEIGHT="2926" HPOS="0" VPOS="260" WIDTH="174"/>
<RightMargin HEIGHT="2926" HPOS="1840" VPOS="260" WIDTH="330"/>
<BottomMargin HEIGHT="322" HPOS="0" VPOS="3186" WIDTH="2170"/>
<PrintSpace HEIGHT="2926" HPOS="174" VPOS="260" WIDTH="1666">
<TextBlock HEIGHT="46" HPOS="640" ID="r_1_1" VPOS="266" WIDTH="740">
<Shape>
<Polygon POINTS="640 266 1380 266 1380 312 640 312"/>
</Shape>
<TextLine BASELINE="641 311 1379 311" HEIGHT="44" HPOS="641" ID="tl_1" VPOS="267" WIDTH="738">
<String CONTENT="OBSERVATIONS PRÉLIMINAIRES." HEIGHT="44" HPOS="641" ID="string_tl_1" VPOS="267" WIDTH="738"/>
</TextLine>
</TextBlock>
<TextBlock HEIGHT="39" HPOS="1747" ID="r_2_1" VPOS="272" WIDTH="79">
<Shape>
<Polygon POINTS="1747 272 1826 272 1826 311 1747 311"/>
</Shape>
<TextLine BASELINE="1748 310 1825 310" HEIGHT="37" HPOS="1748" ID="tl_2" VPOS="273" WIDTH="77">
<String CONTENT="273" HEIGHT="37" HPOS="1748" ID="string_tl_2" VPOS="273" WIDTH="77"/>
</TextLine>
</TextBlock>
<TextBlock HEIGHT="107" HPOS="194" ID="r_2_2" VPOS="373" WIDTH="1629">
<Shape>
<Polygon POINTS="194 373 1823 373 1823 480 194 480"/>
</Shape>
<TextLine BASELINE="243 421 1822 421" HEIGHT="47" HPOS="243" ID="tl_3" VPOS="374" WIDTH="1579">
<String CONTENT="3° Employés pàur usages divers. — 1 seau en zinc, 1 fr. — 1 boite à" HEIGHT="47" HPOS="243" ID="string_tl_3" VPOS="374" WIDTH="1579"/>
</TextLine>
<TextLine BASELINE="195 479 1657 479" HEIGHT="46" HPOS="195" ID="tl_4" VPOS="433" WIDTH="1462">
<String CONTENT="ordures, O fr. 50. — 1 boîte à charbon, 0 fr. 00. — Total : 2 francs." HEIGHT="46" HPOS="195" ID="string_tl_4" VPOS="433" WIDTH="1462"/>
</TextLine>
</TextBlock>
<TextBlock HEIGHT="251" HPOS="194" ID="r_2_3" VPOS="513" WIDTH="1632">
<Shape>
<Polygon POINTS="194 513 1826 513 1826 764 194 764"/>
</Shape>
<TextLine BASELINE="248 568 1825 568" HEIGHT="54" HPOS="248" ID="tl_5" VPOS="514" WIDTH="1577">
<String CONTENT="Vêtements. — Le mari est toujours en tenue militaire; la" HEIGHT="54" HPOS="248" ID="string_tl_5" VPOS="514" WIDTH="1577"/>
</TextLine>
<TextLine BASELINE="196 635 1824 635" HEIGHT="53" HPOS="196" ID="tl_6" VPOS="582" WIDTH="1628">
<String CONTENT="femme et les enfants sont convenablement vêtus, avec simplicité" HEIGHT="53" HPOS="196" ID="string_tl_6" VPOS="582" WIDTH="1628"/>
</TextLine>
<TextLine BASELINE="196 700 1823 700" HEIGHT="53" HPOS="196" ID="tl_7" VPOS="647" WIDTH="1627">
<String CONTENT="et goût, et paraissent appartenir plutôt à une classe de petits" HEIGHT="53" HPOS="196" ID="string_tl_7" VPOS="647" WIDTH="1627"/>
</TextLine>
<TextLine BASELINE="195 763 1821 763" HEIGHT="50" HPOS="195" ID="tl_8" VPOS="713" WIDTH="1626">
<String CONTENT="rentiers qu’à la classe ouvrière. 1,387 fr. 21" HEIGHT="50" HPOS="195" ID="string_tl_8" VPOS="713" WIDTH="1626"/>
</TextLine>
</TextBlock>
<TextBlock HEIGHT="47" HPOS="242" ID="r_2_4" VPOS="806" WIDTH="711">
<Shape>
<Polygon POINTS="242 806 953 806 953 853 242 853"/>
</Shape>
<TextLine BASELINE="243 852 952 852" HEIGHT="45" HPOS="243" ID="tl_9" VPOS="807" WIDTH="709">
<String CONTENT="VÊTEMENTS DU MARI (774 fr. 91)." HEIGHT="45" HPOS="243" ID="string_tl_9" VPOS="807" WIDTH="709"/>
</TextLine>
</TextBlock>
<TextBlock HEIGHT="49" HPOS="246" ID="r_2_5" VPOS="876" WIDTH="1578">
<Shape>
<Polygon POINTS="246 876 1824 876 1824 925 246 925"/>
</Shape>
<TextLine BASELINE="247 924 1823 924" HEIGHT="47" HPOS="247" ID="tl_10" VPOS="877" WIDTH="1576">
<String CONTENT="1° Habillement. — 1 tunique avec galons de brigadier. 39 fr. 07. —" HEIGHT="47" HPOS="247" ID="string_tl_10" VPOS="877" WIDTH="1576"/>
</TextLine>
</TextBlock>
<TextBlock HEIGHT="344" HPOS="193" ID="r_2_6" VPOS="936" WIDTH="1635">
<Shape>
<Polygon POINTS="193 936 1828 936 1828 1280 193 1280"/>
</Shape>
<TextLine BASELINE="199 985 1825 985" HEIGHT="48" HPOS="199" ID="tl_11" VPOS="937" WIDTH="1626">
<String CONTENT="1 tunique avec galons de brigadier, 20 fr. — 1 tunique avec galons de" HEIGHT="48" HPOS="199" ID="string_tl_11" VPOS="937" WIDTH="1626"/>
</TextLine>
<TextLine BASELINE="195 1045 1827 1045" HEIGHT="48" HPOS="195" ID="tl_12" VPOS="997" WIDTH="1632">
<String CONTENT="brigadier, 12 fr. — 1 capote manteau avec galons, 08 fr. — 1 capote man¬" HEIGHT="48" HPOS="195" ID="string_tl_12" VPOS="997" WIDTH="1632"/>
</TextLine>
<TextLine BASELINE="195 1102 1824 1102" HEIGHT="46" HPOS="195" ID="tl_13" VPOS="1056" WIDTH="1629">
<String CONTENT="teau avec galons. 10 fr. — 1 veste avec galons, 12 fr. — 1 veste avec" HEIGHT="46" HPOS="195" ID="string_tl_13" VPOS="1056" WIDTH="1629"/>
</TextLine>
<TextLine BASELINE="194 1163 1823 1163" HEIGHT="49" HPOS="194" ID="tl_14" VPOS="1114" WIDTH="1629">
<String CONTENT="galons, 0 fr. — 1 pantalon, 19 fr. 80. — 1 pantalon. 12 fr. — 1 pantalon," HEIGHT="49" HPOS="194" ID="string_tl_14" VPOS="1114" WIDTH="1629"/>
</TextLine>
<TextLine BASELINE="196 1223 1826 1223" HEIGHT="50" HPOS="196" ID="tl_15" VPOS="1173" WIDTH="1630">
<String CONTENT="10 fr. — 1 paire de trèfles et aiguillettes, 30 fr. — 1 paire de trèfles et" HEIGHT="50" HPOS="196" ID="string_tl_15" VPOS="1173" WIDTH="1630"/>
</TextLine>
<TextLine BASELINE="195 1279 1824 1279" HEIGHT="46" HPOS="195" ID="tl_16" VPOS="1233" WIDTH="1629">
<String CONTENT="aiguillettes, 10 fr. — 1 col, O fr. 0O. — 1 col, O fr. 10. —Total : 204 fr. 07." HEIGHT="46" HPOS="195" ID="string_tl_16" VPOS="1233" WIDTH="1629"/>
</TextLine>
</TextBlock>
<TextBlock HEIGHT="51" HPOS="241" ID="r_2_7" VPOS="1291" WIDTH="1583">
<Shape>
<Polygon POINTS="241 1291 1824 1291 1824 1342 241 1342"/>
</Shape>
<TextLine BASELINE="242 1341 1823 1341" HEIGHT="49" HPOS="242" ID="tl_17" VPOS="1292" WIDTH="1581">
<String CONTENT="2° Coiffure. — 1 bonnet de police à visière, dit képi, 4 fr. — 1 képi," HEIGHT="49" HPOS="242" ID="string_tl_17" VPOS="1292" WIDTH="1581"/>
</TextLine>
</TextBlock>
<TextBlock HEIGHT="224" HPOS="194" ID="r_2_8" VPOS="1350" WIDTH="1631">
<Shape>
<Polygon POINTS="194 1350 1825 1350 1825 1574 194 1574"/>
</Shape>
<TextLine BASELINE="195 1399 1824 1399" HEIGHT="48" HPOS="195" ID="tl_18" VPOS="1351" WIDTH="1629">
<String CONTENT="2 fr. — 1 schako avec plaque, 0 fr. — 1 couvre-sehako, O fr. 50. — 1 cha¬" HEIGHT="48" HPOS="195" ID="string_tl_18" VPOS="1351" WIDTH="1629"/>
</TextLine>
<TextLine BASELINE="196 1460 1823 1460" HEIGHT="49" HPOS="196" ID="tl_19" VPOS="1411" WIDTH="1627">
<String CONTENT="peau bicorne, 12 fr. — 1 chapeau bicorne. 2 fr. 20. — 2 pompons rouges," HEIGHT="49" HPOS="196" ID="string_tl_19" VPOS="1411" WIDTH="1627"/>
</TextLine>
<TextLine BASELINE="196 1520 1823 1520" HEIGHT="50" HPOS="196" ID="tl_20" VPOS="1470" WIDTH="1627">
<String CONTENT="1 fr. — 1 plumet rouge avec étui et olive, 1 fr. 47. — 1 plumet rouge avec" HEIGHT="50" HPOS="196" ID="string_tl_20" VPOS="1470" WIDTH="1627"/>
</TextLine>
<TextLine BASELINE="195 1573 1002 1573" HEIGHT="43" HPOS="195" ID="tl_21" VPOS="1530" WIDTH="807">
<String CONTENT="étui et olive, 1 fr. — Total : 29 fr. 17." HEIGHT="43" HPOS="195" ID="string_tl_21" VPOS="1530" WIDTH="807"/>
</TextLine>
</TextBlock>
<TextBlock HEIGHT="107" HPOS="198" ID="r_2_9" VPOS="1589" WIDTH="1627">
<Shape>
<Polygon POINTS="198 1589 1825 1589 1825 1696 198 1696"/>
</Shape>
<TextLine BASELINE="240 1637 1824 1637" HEIGHT="47" HPOS="240" ID="tl_22" VPOS="1590" WIDTH="1584">
<String CONTENT='3" Grand et petit équipement. — 1 giberne nouveau modèle, 0 fr. —' HEIGHT="47" HPOS="240" ID="string_tl_22" VPOS="1590" WIDTH="1584"/>
</TextLine>
<TextLine BASELINE="199 1695 1824 1695" HEIGHT="46" HPOS="199" ID="tl_23" VPOS="1649" WIDTH="1625">
<String CONTENT="1 giberne nouveau modèle, 2 fr. 50. — 1 ceinturon de sabre, (&gt; fr. —" HEIGHT="46" HPOS="199" ID="string_tl_23" VPOS="1649" WIDTH="1625"/>
</TextLine>
</TextBlock>
<TextBlock HEIGHT="334" HPOS="190" ID="r_2_10" VPOS="1707" WIDTH="1636">
<Shape>
<Polygon POINTS="190 1707 1826 1707 1826 2041 190 2041"/>
</Shape>
<TextLine BASELINE="194 1758 1825 1758" HEIGHT="50" HPOS="194" ID="tl_24" VPOS="1708" WIDTH="1631">
<String CONTENT="1 ceinturon de sabre, 3 fr. .30. — 2 chapes mobiles, O fr. 02. — 2 plaques" HEIGHT="50" HPOS="194" ID="string_tl_24" VPOS="1708" WIDTH="1631"/>
</TextLine>
<TextLine BASELINE="192 1813 1824 1813" HEIGHT="46" HPOS="192" ID="tl_25" VPOS="1767" WIDTH="1632">
<String CONTENT="de ceinturon, 1 fr. 30. — 1 bretelle de fusil, O fr. 75. — 1 bretelle de" HEIGHT="46" HPOS="192" ID="string_tl_25" VPOS="1767" WIDTH="1632"/>
</TextLine>
<TextLine BASELINE="193 1875 1823 1875" HEIGHT="48" HPOS="193" ID="tl_26" VPOS="1827" WIDTH="1630">
<String CONTENT="fusil, 0 fr. 00. — 1 hâvre-sac avec grande courroie, 12 fr. — 1 ceinturon" HEIGHT="48" HPOS="193" ID="string_tl_26" VPOS="1827" WIDTH="1630"/>
</TextLine>
<TextLine BASELINE="191 1936 1823 1936" HEIGHT="50" HPOS="191" ID="tl_27" VPOS="1886" WIDTH="1632">
<String CONTENT="d’épée, 4 fr. — 1 ceinturon d’épée, 2 fr. 50. — 1 plaque de ceinturon" HEIGHT="50" HPOS="191" ID="string_tl_27" VPOS="1886" WIDTH="1632"/>
</TextLine>
<TextLine BASELINE="193 1995 1820 1995" HEIGHT="50" HPOS="193" ID="tl_28" VPOS="1945" WIDTH="1627">
<String CONTENT="d’épée, O fr. 00. — 1 plaque de ceinturon d'épée. 0 fr. 30. — Total :" HEIGHT="50" HPOS="193" ID="string_tl_28" VPOS="1945" WIDTH="1627"/>
</TextLine>
<TextLine BASELINE="192 2040 383 2040" HEIGHT="36" HPOS="192" ID="tl_29" VPOS="2004" WIDTH="191">
<String CONTENT="30 fr. 03." HEIGHT="36" HPOS="192" ID="string_tl_29" VPOS="2004" WIDTH="191"/>
</TextLine>
</TextBlock>
<TextBlock HEIGHT="283" HPOS="189" ID="r_2_11" VPOS="2063" WIDTH="1635">
<Shape>
<Polygon POINTS="189 2063 1824 2063 1824 2346 189 2346"/>
</Shape>
<TextLine BASELINE="237 2113 1821 2113" HEIGHT="49" HPOS="237" ID="tl_30" VPOS="2064" WIDTH="1584">
<String CONTENT="V Linge, chaussure et objets d'ordonnance. — 2 chemises d'ordonnance," HEIGHT="49" HPOS="237" ID="string_tl_30" VPOS="2064" WIDTH="1584"/>
</TextLine>
<TextLine BASELINE="190 2167 1823 2167" HEIGHT="43" HPOS="190" ID="tl_31" VPOS="2124" WIDTH="1633">
<String CONTENT="4 fr. 00. — 1 chemise blanche en coton, 0 fr. — 0 chemises de couleur," HEIGHT="43" HPOS="190" ID="string_tl_31" VPOS="2124" WIDTH="1633"/>
</TextLine>
<TextLine BASELINE="190 2230 1820 2230" HEIGHT="49" HPOS="190" ID="tl_32" VPOS="2181" WIDTH="1630">
<String CONTENT="20 fr. — 3 chemises de couleur de confection domestique. 9 fr. 95.—0 cale¬" HEIGHT="49" HPOS="190" ID="string_tl_32" VPOS="2181" WIDTH="1630"/>
</TextLine>
<TextLine BASELINE="191 2289 1819 2289" HEIGHT="48" HPOS="191" ID="tl_33" VPOS="2241" WIDTH="1628">
<String CONTENT="çons en toile, 11 fr. — 0 caleçons, 0 fr.— 12 paires de chaussettes en coton," HEIGHT="48" HPOS="191" ID="string_tl_33" VPOS="2241" WIDTH="1628"/>
</TextLine>
<TextLine BASELINE="191 2345 1820 2345" HEIGHT="45" HPOS="191" ID="tl_34" VPOS="2300" WIDTH="1629">
<String CONTENT="15 fr. — 1 douzaine de mouchoirs, 4fr.— 1 douzaine de mouchoirs, 1 fr. 00.—" HEIGHT="45" HPOS="191" ID="string_tl_34" VPOS="2300" WIDTH="1629"/>
</TextLine>
</TextBlock>
<TextBlock HEIGHT="50" HPOS="189" ID="r_2_12" VPOS="2358" WIDTH="1629">
<Shape>
<Polygon POINTS="189 2358 1818 2358 1818 2408 189 2408"/>
</Shape>
<TextLine BASELINE="190 2407 1817 2407" HEIGHT="48" HPOS="190" ID="tl_35" VPOS="2359" WIDTH="1627">
<String CONTENT="2 paires de gants, 2 fr. — 0 paires de gants, 0 fr. — 2 serviettes, 1 fr. 04. —" HEIGHT="48" HPOS="190" ID="string_tl_35" VPOS="2359" WIDTH="1627"/>
</TextLine>
</TextBlock>
<TextBlock HEIGHT="50" HPOS="189" ID="r_2_13" VPOS="2417" WIDTH="1632">
<Shape>
<Polygon POINTS="189 2417 1821 2417 1821 2467 189 2467"/>
</Shape>
<TextLine BASELINE="190 2466 1820 2466" HEIGHT="48" HPOS="190" ID="tl_36" VPOS="2418" WIDTH="1630">
<String CONTENT="0 gilets de flanelle, de confection domestique, 23 fr. 70. — 1 tricot, 20 fr. —" HEIGHT="48" HPOS="190" ID="string_tl_36" VPOS="2418" WIDTH="1630"/>
</TextLine>
</TextBlock>
<TextBlock HEIGHT="288" HPOS="187" ID="r_2_14" VPOS="2477" WIDTH="1635">
<Shape>
<Polygon POINTS="187 2477 1822 2477 1822 2765 187 2765"/>
</Shape>
<TextLine BASELINE="194 2527 1819 2527" HEIGHT="49" HPOS="194" ID="tl_37" VPOS="2478" WIDTH="1625">
<String CONTENT="1 cache-nez, 4 fr. 50. — 2 fichus en laine, 3 fr. — 1 paire de bottes," HEIGHT="49" HPOS="194" ID="string_tl_37" VPOS="2478" WIDTH="1625"/>
</TextLine>
<TextLine BASELINE="188 2586 1821 2586" HEIGHT="49" HPOS="188" ID="tl_38" VPOS="2537" WIDTH="1633">
<String CONTENT="20 fr. — 1 paire de bottes, 10 fr. — 1 paire de bottines, 10 fr. — 1 paire" HEIGHT="49" HPOS="188" ID="string_tl_38" VPOS="2537" WIDTH="1633"/>
</TextLine>
<TextLine BASELINE="189 2646 1820 2646" HEIGHT="51" HPOS="189" ID="tl_39" VPOS="2595" WIDTH="1631">
<String CONTENT="de savates, 0 fr. 00. — 1 paire de pantoufles, non montées, reçues en" HEIGHT="51" HPOS="189" ID="string_tl_39" VPOS="2595" WIDTH="1631"/>
</TextLine>
<TextLine BASELINE="190 2703 1817 2703" HEIGHT="48" HPOS="190" ID="tl_40" VPOS="2655" WIDTH="1627">
<String CONTENT="cadeau. — 1 courroie pour nouer la capote sur le sac, 0 fr. 25. — 1 malle," HEIGHT="48" HPOS="190" ID="string_tl_40" VPOS="2655" WIDTH="1627"/>
</TextLine>
<TextLine BASELINE="189 2764 1817 2764" HEIGHT="50" HPOS="189" ID="tl_41" VPOS="2714" WIDTH="1628">
<String CONTENT="7 fr. — 1 gamelle en fer battu, O fr. OO. — 1 compartiment en fer battu," HEIGHT="50" HPOS="189" ID="string_tl_41" VPOS="2714" WIDTH="1628"/>
</TextLine>
</TextBlock>
<TextBlock HEIGHT="215" HPOS="186" ID="r_2_15" VPOS="2772" WIDTH="1636">
<Shape>
<Polygon POINTS="186 2772 1822 2772 1822 2987 186 2987"/>
</Shape>
<TextLine BASELINE="187 2820 1821 2820" HEIGHT="47" HPOS="187" ID="tl_42" VPOS="2773" WIDTH="1634">
<String CONTENT="0 fr. 50. — 1 assiette en fer battu, O fr. 30. - -1 livret, 0 fr. 30. — 1 cahier" HEIGHT="47" HPOS="187" ID="string_tl_42" VPOS="2773" WIDTH="1634"/>
</TextLine>
<TextLine BASELINE="189 2880 1819 2880" HEIGHT="49" HPOS="189" ID="tl_43" VPOS="2831" WIDTH="1630">
<String CONTENT="d’écriture, 0 fr. 00. — 1 formulaire de procès-verbaux, 1 fr. — 1 instruc¬" HEIGHT="49" HPOS="189" ID="string_tl_43" VPOS="2831" WIDTH="1630"/>
</TextLine>
<TextLine BASELINE="189 2941 1817 2941" HEIGHT="50" HPOS="189" ID="tl_44" VPOS="2891" WIDTH="1628">
<String CONTENT="tion municipale, O fr. 30. — 1 sac de petite monture complet, 3 fr. —" HEIGHT="50" HPOS="189" ID="string_tl_44" VPOS="2891" WIDTH="1628"/>
</TextLine>
<TextLine BASELINE="189 2986 556 2986" HEIGHT="36" HPOS="189" ID="tl_45" VPOS="2950" WIDTH="367">
<String CONTENT="Total : 190 fr. 40." HEIGHT="36" HPOS="189" ID="string_tl_45" VPOS="2950" WIDTH="367"/>
</TextLine>
</TextBlock>
<TextBlock HEIGHT="119" HPOS="188" ID="r_2_16" VPOS="2999" WIDTH="1631">
<Shape>
<Polygon POINTS="188 2999 1819 2999 1819 3118 188 3118"/>
</Shape>
<TextLine BASELINE="236 3057 1816 3057" HEIGHT="57" HPOS="236" ID="tl_46" VPOS="3000" WIDTH="1580">
<String CONTENT='5" Armes et munitions. — I. Appartenant à l’État. — 1 fusil Gras,' HEIGHT="57" HPOS="236" ID="string_tl_46" VPOS="3000" WIDTH="1580"/>
</TextLine>
<TextLine BASELINE="189 3117 1818 3117" HEIGHT="48" HPOS="189" ID="tl_47" VPOS="3069" WIDTH="1629">
<String CONTENT="57 ir. 20. — 1 épée-baïonnette, 2 fr. 80. — 1 nécessaire d’armes, 1 fr. —" HEIGHT="48" HPOS="189" ID="string_tl_47" VPOS="3069" WIDTH="1629"/>
</TextLine>
</TextBlock>
<TextBlock HEIGHT="51" HPOS="193" ID="r_2_17" VPOS="3125" WIDTH="1624">
<Shape>
<Polygon POINTS="193 3125 1817 3125 1817 3176 193 3176"/>
</Shape>
<TextLine BASELINE="194 3175 1816 3175" HEIGHT="49" HPOS="194" ID="tl_48" VPOS="3126" WIDTH="1622">
<String CONTENT="1 étui à cartouches en cuivre, 0 fr. 04. — 44 cartouches à balles, 4 fr. 40." HEIGHT="49" HPOS="194" ID="string_tl_48" VPOS="3126" WIDTH="1622"/>
</TextLine>
</TextBlock>
<GraphicalElement HEIGHT="10" HPOS="1044" ID="r_3" VPOS="742" WIDTH="436"/>
</PrintSpace>
</Page>
</Layout>
</alto>