<?xml version="1.0" encoding="utf-8"?>
<alto xmlns="http://www.loc.gov/standards/alto/ns-v4#" xmlns:xsi="http://www.w3.org/2001/XMLSchema-instance" xsi:schemaLocation="http://www.loc.gov/standards/alto/ns-v4# https://gitlab.inria.fr/scripta/escriptorium/-/raw/develop/app/escriptorium/static/alto-4-1-baselines.xsd">
<Description>
<MeasurementUnit>pixel</MeasurementUnit><sourceImageInformation><fileName>lesouvriersdesde05sociuoft_0367.tif</fileName></sourceImageInformation>
<OCRProcessing ID="IdOcr">
<ocrProcessingStep>
<processingDateTime>2020-08-28T16:17:13.895+02:00</processingDateTime>
<processingSoftware>
<softwareCreator>READ COOP</softwareCreator>
<softwareName>Transkribus</softwareName>
</processingSoftware>
</ocrProcessingStep>
</OCRProcessing>
</Description>
<Layout>
<Page HEIGHT="3508" ID="Page1" PHYSICAL_IMG_NR="1" WIDTH="2170">
<TopMargin HEIGHT="268" HPOS="0" VPOS="0" WIDTH="2170"/>
<LeftMargin HEIGHT="2926" HPOS="0" VPOS="268" WIDTH="198"/>
<RightMargin HEIGHT="2926" HPOS="1880" VPOS="268" WIDTH="290"/>
<BottomMargin HEIGHT="314" HPOS="0" VPOS="3194" WIDTH="2170"/>
<PrintSpace HEIGHT="2926" HPOS="198" VPOS="268" WIDTH="1682">
<TextBlock HEIGHT="46" HPOS="681" ID="r_1_1" VPOS="279" WIDTH="734">
<Shape>
<Polygon POINTS="681 279 1415 279 1415 325 681 325"/>
</Shape>
<TextLine BASELINE="682 324 1414 324" HEIGHT="44" HPOS="682" ID="tl_1" VPOS="280" WIDTH="732">
<String CONTENT="OBSERVATIONS PRÉLIMINAIRES." HEIGHT="44" HPOS="682" ID="string_tl_1" VPOS="280" WIDTH="732"/>
</TextLine>
</TextBlock>
<TextBlock HEIGHT="41" HPOS="1788" ID="r_2_1" VPOS="284" WIDTH="81">
<Shape>
<Polygon POINTS="1788 284 1869 284 1869 325 1788 325"/>
</Shape>
<TextLine BASELINE="1789 324 1868 324" HEIGHT="39" HPOS="1789" ID="tl_2" VPOS="285" WIDTH="79">
<String CONTENT="275" HEIGHT="39" HPOS="1789" ID="string_tl_2" VPOS="285" WIDTH="79"/>
</TextLine>
</TextBlock>
<TextBlock HEIGHT="48" HPOS="283" ID="r_3_1" VPOS="383" WIDTH="757">
<Shape>
<Polygon POINTS="283 383 1040 383 1040 431 283 431"/>
</Shape>
<TextLine BASELINE="284 430 1039 430" HEIGHT="46" HPOS="284" ID="tl_3" VPOS="384" WIDTH="755">
<String CONTENT="Vêtements De la fille ((il fr. (iO)." HEIGHT="46" HPOS="284" ID="string_tl_3" VPOS="384" WIDTH="755"/>
</TextLine>
</TextBlock>
<TextBlock HEIGHT="286" HPOS="232" ID="r_3_2" VPOS="456" WIDTH="1633">
<Shape>
<Polygon POINTS="232 456 1865 456 1865 742 232 742"/>
</Shape>
<TextLine BASELINE="283 509 1863 509" HEIGHT="52" HPOS="283" ID="tl_4" VPOS="457" WIDTH="1580">
<String CONTENT="1° Vêtements du dimanche. — 1 robe noire, 6 fr. — 1 palelot en drap" HEIGHT="52" HPOS="283" ID="string_tl_4" VPOS="457" WIDTH="1580"/>
</TextLine>
<TextLine BASELINE="233 565 1864 565" HEIGHT="49" HPOS="233" ID="tl_5" VPOS="516" WIDTH="1631">
<String CONTENT="gris. 1 fr. 30. — 1 loque astrakan, 1 fr. 30. — 1 paire de bottines blanches" HEIGHT="49" HPOS="233" ID="string_tl_5" VPOS="516" WIDTH="1631"/>
</TextLine>
<TextLine BASELINE="234 626 1859 626" HEIGHT="50" HPOS="234" ID="tl_6" VPOS="576" WIDTH="1625">
<String CONTENT="en peau. Sfr. — 2 pantalons blancs en calicot, 3 fr. — i jupons blancs en" HEIGHT="50" HPOS="234" ID="string_tl_6" VPOS="576" WIDTH="1625"/>
</TextLine>
<TextLine BASELINE="233 684 1863 684" HEIGHT="49" HPOS="233" ID="tl_7" VPOS="635" WIDTH="1630">
<String CONTENT="calicot. 2 fr. — 2 tabliers blancs, 2 fr. 30. — 1 paire de gants. o fr. 23. —" HEIGHT="49" HPOS="233" ID="string_tl_7" VPOS="635" WIDTH="1630"/>
</TextLine>
<TextLine BASELINE="237 741 1301 741" HEIGHT="46" HPOS="237" ID="tl_8" VPOS="695" WIDTH="1064">
<String CONTENT="1 paire de mitaines, 0 fr. 23. — Total : 19 francs." HEIGHT="46" HPOS="237" ID="string_tl_8" VPOS="695" WIDTH="1064"/>
</TextLine>
</TextBlock>
<TextBlock HEIGHT="528" HPOS="223" ID="r_3_3" VPOS="753" WIDTH="1642">
<Shape>
<Polygon POINTS="223 753 1865 753 1865 1281 223 1281"/>
</Shape>
<TextLine BASELINE="278 803 1864 803" HEIGHT="49" HPOS="278" ID="tl_9" VPOS="754" WIDTH="1586">
<String CONTENT="2° Vêtements de la semaine. — 1 robe bleue en drap, 1 fr. — 3 robes" HEIGHT="49" HPOS="278" ID="string_tl_9" VPOS="754" WIDTH="1586"/>
</TextLine>
<TextLine BASELINE="229 864 1863 864" HEIGHT="51" HPOS="229" ID="tl_10" VPOS="813" WIDTH="1634">
<String CONTENT="grises. 2 fr. — 1 robe cachemire, 3 fr. — 1 manteau, 1 fr. — 1 toque" HEIGHT="51" HPOS="229" ID="string_tl_10" VPOS="813" WIDTH="1634"/>
</TextLine>
<TextLine BASELINE="229 922 1860 922" HEIGHT="49" HPOS="229" ID="tl_11" VPOS="873" WIDTH="1631">
<String CONTENT="astrakan. 0 fr. 3o. — 1 chemises. 3 fr. — ü mouchoirs de poche, (i fr. Ou." HEIGHT="49" HPOS="229" ID="string_tl_11" VPOS="873" WIDTH="1631"/>
</TextLine>
<TextLine BASELINE="229 983 1861 983" HEIGHT="49" HPOS="229" ID="tl_12" VPOS="934" WIDTH="1632">
<String CONTENT="— fi paires de bas de colon. 2 fr. — 2 paires de bas de laine. 2 fr. —" HEIGHT="49" HPOS="229" ID="string_tl_12" VPOS="934" WIDTH="1632"/>
</TextLine>
<TextLine BASELINE="228 1040 1860 1040" HEIGHT="47" HPOS="228" ID="tl_13" VPOS="993" WIDTH="1632">
<String CONTENT="1 paire de bas de laine. O fr. 73. — 1 bonnets de nuit en couleur. 1 fr. —" HEIGHT="47" HPOS="228" ID="string_tl_13" VPOS="993" WIDTH="1632"/>
</TextLine>
<TextLine BASELINE="227 1093 1858 1093" HEIGHT="41" HPOS="227" ID="tl_14" VPOS="1052" WIDTH="1631">
<String CONTENT="fi fichus de cou, 1 fr. 30. — 2 foulards. O fr. 30. — 3 tabliers en cotonnade." HEIGHT="41" HPOS="227" ID="string_tl_14" VPOS="1052" WIDTH="1631"/>
</TextLine>
<TextLine BASELINE="225 1162 1856 1162" HEIGHT="50" HPOS="225" ID="tl_15" VPOS="1112" WIDTH="1631">
<String CONTENT="3 fr. — I paire de galoches, 1 fr. 30. — 1 paire de bottines noires, 3 fr. —" HEIGHT="50" HPOS="225" ID="string_tl_15" VPOS="1112" WIDTH="1631"/>
</TextLine>
<TextLine BASELINE="229 1223 1860 1223" HEIGHT="52" HPOS="229" ID="tl_16" VPOS="1171" WIDTH="1631">
<String CONTENT="1 chapeau blanc en paille d'Italie, 3 fr. — 1 capeline. O fr. 73. — 1 paire" HEIGHT="52" HPOS="229" ID="string_tl_16" VPOS="1171" WIDTH="1631"/>
</TextLine>
<TextLine BASELINE="224 1280 1328 1280" HEIGHT="50" HPOS="224" ID="tl_17" VPOS="1230" WIDTH="1104">
<String CONTENT="de souliers pour l’été. O fr. 30. — Total : 32 fr. fin." HEIGHT="50" HPOS="224" ID="string_tl_17" VPOS="1230" WIDTH="1104"/>
</TextLine>
</TextBlock>
<TextBlock HEIGHT="49" HPOS="270" ID="r_3_4" VPOS="1291" WIDTH="1283">
<Shape>
<Polygon POINTS="270 1291 1553 1291 1553 1340 270 1340"/>
</Shape>
<TextLine BASELINE="271 1339 1552 1339" HEIGHT="47" HPOS="271" ID="tl_18" VPOS="1292" WIDTH="1281">
<String CONTENT="3° Bijoux. — 1 paire de boucles d'oreilles en or, lu francs." HEIGHT="47" HPOS="271" ID="string_tl_18" VPOS="1292" WIDTH="1281"/>
</TextLine>
</TextBlock>
<TextBlock HEIGHT="51" HPOS="276" ID="r_3_5" VPOS="1369" WIDTH="1584">
<Shape>
<Polygon POINTS="276 1369 1860 1369 1860 1420 276 1420"/>
</Shape>
<TextLine BASELINE="277 1419 1859 1419" HEIGHT="49" HPOS="277" ID="tl_19" VPOS="1370" WIDTH="1582">
<String CONTENT="Valeur totale du mobilier et des vêtements. . 2,315 fr. 56" HEIGHT="49" HPOS="277" ID="string_tl_19" VPOS="1370" WIDTH="1582"/>
</TextLine>
</TextBlock>
<TextBlock HEIGHT="52" HPOS="766" ID="r_3_6" VPOS="1475" WIDTH="546">
<Shape>
<Polygon POINTS="766 1475 1312 1475 1312 1527 766 1527"/>
</Shape>
<TextLine BASELINE="767 1526 1311 1526" HEIGHT="50" HPOS="767" ID="tl_20" VPOS="1476" WIDTH="544">
<String CONTENT="§ 11. — RÉCRÉATIONS" HEIGHT="50" HPOS="767" ID="string_tl_20" VPOS="1476" WIDTH="544"/>
</TextLine>
</TextBlock>
<TextBlock HEIGHT="449" HPOS="214" ID="r_3_7" VPOS="1577" WIDTH="1638">
<Shape>
<Polygon POINTS="214 1577 1852 1577 1852 2026 214 2026"/>
</Shape>
<TextLine BASELINE="273 1630 1851 1630" HEIGHT="52" HPOS="273" ID="tl_21" VPOS="1578" WIDTH="1578">
<String CONTENT="La famille toute entière prend plaisir, le dimanche, à visiter" HEIGHT="52" HPOS="273" ID="string_tl_21" VPOS="1578" WIDTH="1578"/>
</TextLine>
<TextLine BASELINE="217 1695 1850 1695" HEIGHT="52" HPOS="217" ID="tl_22" VPOS="1643" WIDTH="1633">
<String CONTENT="des parents ou des amis ; quelquefois même, dans ce but, elle se" HEIGHT="52" HPOS="217" ID="string_tl_22" VPOS="1643" WIDTH="1633"/>
</TextLine>
<TextLine BASELINE="217 1753 1850 1753" HEIGHT="43" HPOS="217" ID="tl_23" VPOS="1710" WIDTH="1633">
<String CONTENT="rend aux environs de Paris. Plusieurs fois dans l'année, elle" HEIGHT="43" HPOS="217" ID="string_tl_23" VPOS="1710" WIDTH="1633"/>
</TextLine>
<TextLine BASELINE="217 1826 1850 1826" HEIGHT="51" HPOS="217" ID="tl_24" VPOS="1775" WIDTH="1633">
<String CONTENT="donne des repas de famille et on souhaite alors la fête aux" HEIGHT="51" HPOS="217" ID="string_tl_24" VPOS="1775" WIDTH="1633"/>
</TextLine>
<TextLine BASELINE="216 1894 1847 1894" HEIGHT="52" HPOS="216" ID="tl_25" VPOS="1842" WIDTH="1631">
<String CONTENT="parents ainsi qu’à leurs enfants : on mange dans ces repas un" HEIGHT="52" HPOS="216" ID="string_tl_25" VPOS="1842" WIDTH="1631"/>
</TextLine>
<TextLine BASELINE="215 1958 1849 1958" HEIGHT="52" HPOS="215" ID="tl_26" VPOS="1906" WIDTH="1634">
<String CONTENT="lapin, avec la soupe et le pot-au-feu, une salade et un dessert. Le" HEIGHT="52" HPOS="215" ID="string_tl_26" VPOS="1906" WIDTH="1634"/>
</TextLine>
<TextLine BASELINE="216 2025 1846 2025" HEIGHT="53" HPOS="216" ID="tl_27" VPOS="1972" WIDTH="1630">
<String CONTENT="frère du chef de famille, le comptable, assiste à deux de ces repas." HEIGHT="53" HPOS="216" ID="string_tl_27" VPOS="1972" WIDTH="1630"/>
</TextLine>
</TextBlock>
<TextBlock HEIGHT="248" HPOS="213" ID="r_3_8" VPOS="2037" WIDTH="1635">
<Shape>
<Polygon POINTS="213 2037 1848 2037 1848 2285 213 2285"/>
</Shape>
<TextLine BASELINE="269 2088 1842 2088" HEIGHT="50" HPOS="269" ID="tl_28" VPOS="2038" WIDTH="1573">
<String CONTENT="Le mari (ait usage du tabac à fumer, mais avec modération. Il" HEIGHT="50" HPOS="269" ID="string_tl_28" VPOS="2038" WIDTH="1573"/>
</TextLine>
<TextLine BASELINE="214 2155 1846 2155" HEIGHT="51" HPOS="214" ID="tl_29" VPOS="2104" WIDTH="1632">
<String CONTENT="est i n outre astreint, par sa position, à exercer quelques devoirs" HEIGHT="51" HPOS="214" ID="string_tl_29" VPOS="2104" WIDTH="1632"/>
</TextLine>
<TextLine BASELINE="215 2219 1847 2219" HEIGHT="51" HPOS="215" ID="tl_30" VPOS="2168" WIDTH="1632">
<String CONTENT="d’hospitalité envers des camarades de passage à Paris ; il leur" HEIGHT="51" HPOS="215" ID="string_tl_30" VPOS="2168" WIDTH="1632"/>
</TextLine>
<TextLine BASELINE="215 2284 1312 2284" HEIGHT="51" HPOS="215" ID="tl_31" VPOS="2233" WIDTH="1097">
<String CONTENT="fait alors une petite invitation à sa caserne." HEIGHT="51" HPOS="215" ID="string_tl_31" VPOS="2233" WIDTH="1097"/>
</TextLine>
</TextBlock>
<TextBlock HEIGHT="121" HPOS="214" ID="r_3_9" VPOS="2297" WIDTH="1633">
<Shape>
<Polygon POINTS="214 2297 1847 2297 1847 2418 214 2418"/>
</Shape>
<TextLine BASELINE="267 2351 1846 2351" HEIGHT="53" HPOS="267" ID="tl_32" VPOS="2298" WIDTH="1579">
<String CONTENT="La femme a pour distraction deux chats, qu’elle nourrit et qui" HEIGHT="53" HPOS="267" ID="string_tl_32" VPOS="2298" WIDTH="1579"/>
</TextLine>
<TextLine BASELINE="215 2417 1846 2417" HEIGHT="54" HPOS="215" ID="tl_33" VPOS="2363" WIDTH="1631">
<String CONTENT="sont exercés à ouvrir eux-mêmes la porte, en soulevant le loquet." HEIGHT="54" HPOS="215" ID="string_tl_33" VPOS="2363" WIDTH="1631"/>
</TextLine>
</TextBlock>
<TextBlock HEIGHT="173" HPOS="212" ID="r_3_10" VPOS="2428" WIDTH="1633">
<Shape>
<Polygon POINTS="212 2428 1845 2428 1845 2601 212 2601"/>
</Shape>
<TextLine BASELINE="267 2481 1844 2481" HEIGHT="52" HPOS="267" ID="tl_34" VPOS="2429" WIDTH="1577">
<String CONTENT="Lu résumé, la famille ne se désunit pas pour prendre ses" HEIGHT="52" HPOS="267" ID="string_tl_34" VPOS="2429" WIDTH="1577"/>
</TextLine>
<TextLine BASELINE="213 2545 1841 2545" HEIGHT="52" HPOS="213" ID="tl_35" VPOS="2493" WIDTH="1628">
<String CONTENT="récréations et, si quelques dépenses sont inutiles, elle les fait" HEIGHT="52" HPOS="213" ID="string_tl_35" VPOS="2493" WIDTH="1628"/>
</TextLine>
<TextLine BASELINE="214 2600 1053 2600" HEIGHT="41" HPOS="214" ID="tl_36" VPOS="2559" WIDTH="839">
<String CONTENT="ensemble et d’un commun accord." HEIGHT="41" HPOS="214" ID="string_tl_36" VPOS="2559" WIDTH="839"/>
</TextLine>
</TextBlock>
<TextBlock HEIGHT="39" HPOS="995" ID="r_3_11" VPOS="2674" WIDTH="57">
<Shape>
<Polygon POINTS="995 2674 1052 2674 1052 2713 995 2713"/>
</Shape>
<TextLine BASELINE="996 2712 1051 2712" HEIGHT="37" HPOS="996" ID="tl_37" VPOS="2675" WIDTH="55">
<String CONTENT="IV" HEIGHT="37" HPOS="996" ID="string_tl_37" VPOS="2675" WIDTH="55"/>
</TextLine>
</TextBlock>
<TextBlock HEIGHT="46" HPOS="722" ID="r_3_12" VPOS="2776" WIDTH="607">
<Shape>
<Polygon POINTS="722 2776 1329 2776 1329 2822 722 2822"/>
</Shape>
<TextLine BASELINE="723 2821 1328 2821" HEIGHT="44" HPOS="723" ID="tl_38" VPOS="2777" WIDTH="605">
<String CONTENT="Histoire de la famille." HEIGHT="44" HPOS="723" ID="string_tl_38" VPOS="2777" WIDTH="605"/>
</TextLine>
</TextBlock>
<TextBlock HEIGHT="51" HPOS="449" ID="r_3_13" VPOS="2887" WIDTH="1151">
<Shape>
<Polygon POINTS="449 2887 1600 2887 1600 2938 449 2938"/>
</Shape>
<TextLine BASELINE="450 2937 1599 2937" HEIGHT="49" HPOS="450" ID="tl_39" VPOS="2888" WIDTH="1149">
<String CONTENT="§ 12. — PHASES PRINCIPALES DE L’EXISTENCE." HEIGHT="49" HPOS="450" ID="string_tl_39" VPOS="2888" WIDTH="1149"/>
</TextLine>
</TextBlock>
<TextBlock HEIGHT="183" HPOS="210" ID="r_3_14" VPOS="3000" WIDTH="1626">
<Shape>
<Polygon POINTS="210 3000 1836 3000 1836 3183 210 3183"/>
</Shape>
<TextLine BASELINE="266 3054 1835 3054" HEIGHT="53" HPOS="266" ID="tl_40" VPOS="3001" WIDTH="1569">
<String CONTENT="Le grand’père paternel de D*“ naquit en 1758 à Olet (Pyrénées-" HEIGHT="53" HPOS="266" ID="string_tl_40" VPOS="3001" WIDTH="1569"/>
</TextLine>
<TextLine BASELINE="211 3118 1832 3118" HEIGHT="53" HPOS="211" ID="tl_41" VPOS="3065" WIDTH="1621">
<String CONTENT="Orientales) et mourut en 1845 à l’âge de 87 ans. Il était, sous" HEIGHT="53" HPOS="211" ID="string_tl_41" VPOS="3065" WIDTH="1621"/>
</TextLine>
<TextLine BASELINE="214 3182 1830 3182" HEIGHT="51" HPOS="214" ID="tl_42" VPOS="3131" WIDTH="1616">
<String CONTENT="l’ancien régime, maréchal des logis dans les miquelets, à Olet." HEIGHT="51" HPOS="214" ID="string_tl_42" VPOS="3131" WIDTH="1616"/>
</TextLine>
</TextBlock>
<GraphicalElement HEIGHT="8" HPOS="1568" ID="r_4" VPOS="1346" WIDTH="280"/>
<GraphicalElement HEIGHT="10" HPOS="1550" ID="r_5" VPOS="1440" WIDTH="288"/>
</PrintSpace>
</Page>
</Layout>
</alto>